"","Category","PdDistrict","X","Y"
"571005","VANDALISM","SOUTHERN",-122.412620258006,37.7770259271797
"630341","DRUG/NARCOTIC","BAYVIEW",-122.389018643182,37.7423587130896
"789265","VEHICLE THEFT","BAYVIEW",-122.387729373698,37.7312323939241
"459383","BURGLARY","NORTHERN",-122.419456894393,37.7768617186718
"826316","SECONDARY CODES","BAYVIEW",-122.39859360431,37.7204502300801
"174362","LARCENY/THEFT","MISSION",-122.407538332319,37.7657827544276
"537069","LARCENY/THEFT","PARK",-122.458951288653,37.7481092594339
"631470","LARCENY/THEFT","NORTHERN",-122.431206932079,37.7845681170336
"45896","WEAPON LAWS","SOUTHERN",-122.415444159886,37.7780245674641
"161815","SUSPICIOUS OCC","NORTHERN",-122.432116233695,37.7800304351156
"131796","LARCENY/THEFT","NORTHERN",-122.435850712365,37.7905022209606
"160932","LARCENY/THEFT","MISSION",-122.419694769885,37.7577752793043
"262751","NON-CRIMINAL","SOUTHERN",-122.410334776842,37.7728140362003
"404377","LARCENY/THEFT","INGLESIDE",-122.453409884858,37.7315296799363
"726529","OTHER OFFENSES","TENDERLOIN",-122.411800134753,37.7840890366868
"444508","MISSING PERSON","RICHMOND",-122.485529481793,37.7771701179455
"344540","MISSING PERSON","BAYVIEW",-122.394438859914,37.7364438996732
"371665","VEHICLE THEFT","TENDERLOIN",-122.414269361877,37.7842081124308
"650807","OTHER OFFENSES","SOUTHERN",-122.408518394535,37.773760403167
"267868","LARCENY/THEFT","SOUTHERN",-122.407844136792,37.7767462195389
"352143","OTHER OFFENSES","MISSION",-122.417016663517,37.7595460924587
"265402","VANDALISM","BAYVIEW",-122.387247607197,37.7208692407802
"866134","OTHER OFFENSES","TARAVAL",-122.468899845559,37.7392774526754
"806641","VEHICLE THEFT","TARAVAL",-122.464938189897,37.7217318702357
"5549","LIQUOR LAWS","BAYVIEW",-122.405226360283,37.7614068935355
"39036","ASSAULT","TARAVAL",-122.460564524171,37.7113249681306
"533068","LARCENY/THEFT","TENDERLOIN",-122.412606230898,37.7810067957738
"33800","LARCENY/THEFT","RICHMOND",-122.449636031165,37.7823043073506
"639639","BURGLARY","CENTRAL",-122.404784825095,37.7886943991722
"453442","NON-CRIMINAL","BAYVIEW",-122.38628498364,37.7312896874195
"337999","VANDALISM","SOUTHERN",-122.403404791479,37.775420706711
"367225","OTHER OFFENSES","NORTHERN",-122.420691680792,37.7905770710537
"807402","VEHICLE THEFT","MISSION",-122.432951132171,37.7626190753451
"506407","SEX OFFENSES FORCIBLE","SOUTHERN",-122.403070886779,37.7877867423496
"340840","WARRANTS","SOUTHERN",-122.396305356237,37.7932572003309
"709084","ASSAULT","TENDERLOIN",-122.409756223507,37.7869126924267
"519372","VANDALISM","MISSION",-122.419058868103,37.7594227506297
"191231","LARCENY/THEFT","TARAVAL",-122.460290505803,37.7209451195999
"576205","OTHER OFFENSES","NORTHERN",-122.432706975892,37.7832909416362
"316914","STOLEN PROPERTY","BAYVIEW",-122.404830420604,37.7307945918953
"107582","WEAPON LAWS","TARAVAL",-122.476495067943,37.7383216641636
"561854","LARCENY/THEFT","NORTHERN",-122.432018826546,37.7756739897587
"462119","SUSPICIOUS OCC","NORTHERN",-122.432142776025,37.780495583709
"194732","ASSAULT","SOUTHERN",-122.409708423721,37.7828276498838
"756791","FRAUD","BAYVIEW",-122.388078475154,37.7324430442707
"745159","DRUG/NARCOTIC","SOUTHERN",-122.406629219771,37.7777816676305
"528124","STOLEN PROPERTY","BAYVIEW",-122.409534393077,37.7287466344276
"392235","MISSING PERSON","SOUTHERN",-122.413045971966,37.7738617771611
"529012","DRUG/NARCOTIC","TENDERLOIN",-122.412970537591,37.7857883766888
"778762","VEHICLE THEFT","RICHMOND",-122.457590896245,37.7762481844578
"471571","LARCENY/THEFT","RICHMOND",-122.466204667893,37.7725405391593
"338237","FRAUD","RICHMOND",-122.443842924589,37.7838441255105
"157406","OTHER OFFENSES","MISSION",-122.41965834371,37.7642205603745
"347487","LARCENY/THEFT","SOUTHERN",-122.396707150502,37.7855429503041
"290899","SUSPICIOUS OCC","BAYVIEW",-122.390429715575,37.7351563001283
"88316","ASSAULT","MISSION",-122.413261970103,37.752610055276
"79620","LARCENY/THEFT","CENTRAL",-122.411156854389,37.8059786528897
"437814","WARRANTS","BAYVIEW",-122.390971734551,37.7340152180723
"700214","ASSAULT","SOUTHERN",-122.413583483648,37.7770436202636
"615186","NON-CRIMINAL","INGLESIDE",-122.44186493874,37.7176034408746
"80775","LARCENY/THEFT","TENDERLOIN",-122.411615075408,37.7831614109395
"614738","LARCENY/THEFT","SOUTHERN",-122.41248627649,37.773001280588
"612266","OTHER OFFENSES","BAYVIEW",-122.388318045049,37.757939423202
"759652","WARRANTS","CENTRAL",-122.40809943667,37.7953991562138
"814983","ASSAULT","SOUTHERN",-122.39784956123,37.7793117074346
"498297","OTHER OFFENSES","SOUTHERN",-122.413045971966,37.7738617771611
"485390","VANDALISM","PARK",-122.448043124454,37.7823710354886
"813908","NON-CRIMINAL","SOUTHERN",-122.404274029584,37.7775131178937
"822231","DRUG/NARCOTIC","NORTHERN",-122.424295891283,37.7833983074747
"583292","SECONDARY CODES","TARAVAL",-122.485330523287,37.7435445275643
"366289","DRUG/NARCOTIC","BAYVIEW",-122.387384766736,37.7348226408358
"288221","ASSAULT","TARAVAL",-122.477309120603,37.7654460715825
"109458","ASSAULT","BAYVIEW",-122.388280875001,37.763131942302
"298058","ASSAULT","SOUTHERN",-122.407163046954,37.7797376338991
"349400","OTHER OFFENSES","CENTRAL",-122.402211585047,37.7910457572159
"150582","FRAUD","PARK",-122.4453467866,37.7702081959172
"167300","OTHER OFFENSES","SOUTHERN",-122.410939205552,37.7792122590085
"581688","LARCENY/THEFT","CENTRAL",-122.401296359836,37.7921175913048
"433535","LARCENY/THEFT","SOUTHERN",-122.418299619441,37.7715376281605
"304011","WEAPON LAWS","TARAVAL",-122.507191798505,37.743533772706
"388929","TRESPASS","RICHMOND",-122.458724812805,37.7802795296617
"186229","ASSAULT","BAYVIEW",-122.388321056607,37.7367566432966
"573344","DRUG/NARCOTIC","TENDERLOIN",-122.412970537591,37.7857883766888
"202721","BURGLARY","MISSION",-122.406539115148,37.7564864109309
"172052","OTHER OFFENSES","SOUTHERN",-122.403404791479,37.775420706711
"797661","DRUG/NARCOTIC","TENDERLOIN",-122.411965795229,37.7849141859562
"500049","VANDALISM","SOUTHERN",-122.403413040525,37.7872743866375
"13546","ASSAULT","TARAVAL",-122.464740619379,37.7273727885074
"377845","LARCENY/THEFT","MISSION",-122.438363078386,37.7617033702349
"132378","ROBBERY","BAYVIEW",-122.402912161235,37.7258054513775
"633627","VEHICLE THEFT","MISSION",-122.409767637153,37.7503334758742
"434880","SUSPICIOUS OCC","TARAVAL",-122.481276858364,37.7615089787304
"155796","BURGLARY","CENTRAL",-122.41644364341,37.8071179730665
"491307","WARRANTS","RICHMOND",-122.466204667893,37.7725405391593
"305733","OTHER OFFENSES","TARAVAL",-122.495497932048,37.7496603608218
"384416","NON-CRIMINAL","SOUTHERN",-122.407633520742,37.7841893501425
"421046","VANDALISM","MISSION",-122.41190223263,37.7526284767606
"791603","LIQUOR LAWS","CENTRAL",-122.412143310592,37.8067579022602
"381220","NON-CRIMINAL","SOUTHERN",-122.403404791479,37.775420706711
"100634","OTHER OFFENSES","BAYVIEW",-122.383433948755,37.7297381449981
"100989","NON-CRIMINAL","RICHMOND",-122.464279879446,37.7800332991006
"463933","LARCENY/THEFT","TENDERLOIN",-122.40642786236,37.78710945429
"60817","DRUNKENNESS","SOUTHERN",-122.41481714113,37.7711828947702
"20018","LARCENY/THEFT","MISSION",-122.410612162957,37.7669031554598
"217754","MISSING PERSON","BAYVIEW",-122.402116556292,37.7332354676556
"219718","ASSAULT","CENTRAL",-122.40038746482,37.8025735991651
"877168","BURGLARY","BAYVIEW",-122.388475895424,37.7415220401097
"369346","DRUG/NARCOTIC","INGLESIDE",-122.420556751442,37.7108945814914
"426890","OTHER OFFENSES","SOUTHERN",-122.408953598279,37.783287873572
"82208","LARCENY/THEFT","MISSION",-122.430542885533,37.7615591117701
"346119","LARCENY/THEFT","SOUTHERN",-122.411071423064,37.7817511307229
"359308","DRUG/NARCOTIC","TENDERLOIN",-122.414619686906,37.785583058847
"599842","WARRANTS","SOUTHERN",-122.408437135288,37.7819543949998
"207810","FRAUD","TARAVAL",-122.500837040524,37.7308580846494
"737459","VEHICLE THEFT","NORTHERN",-122.432764365584,37.8002576984048
"141256","NON-CRIMINAL","INGLESIDE",-122.449991675265,37.7421901098444
"88534","NON-CRIMINAL","RICHMOND",-122.510036841034,37.7732570409944
"563070","LARCENY/THEFT","CENTRAL",-122.413062015476,37.8033121405811
"430857","DRIVING UNDER THE INFLUENCE","TENDERLOIN",-122.414056291891,37.7827931071006
"854708","LARCENY/THEFT","MISSION",-122.414919860554,37.748231100537
"713671","LARCENY/THEFT","MISSION",-122.410478069487,37.7662463209137
"845383","DRUG/NARCOTIC","BAYVIEW",-122.388093075177,37.7371077137287
"325030","OTHER OFFENSES","BAYVIEW",-122.395265488404,37.7232222390124
"533458","VEHICLE THEFT","INGLESIDE",-122.406478914823,37.7087762178548
"116409","DRUNKENNESS","SOUTHERN",-122.403404791479,37.775420706711
"614753","NON-CRIMINAL","MISSION",-122.406539115148,37.7564864109309
"103213","OTHER OFFENSES","MISSION",-122.412997488068,37.7525722462226
"4083","MISSING PERSON","TENDERLOIN",-122.413135715743,37.7862599043196
"461661","DISORDERLY CONDUCT","RICHMOND",-122.46055149012,37.7813140417196
"366713","LARCENY/THEFT","TENDERLOIN",-122.405895369887,37.7867342184983
"570013","ASSAULT","SOUTHERN",-122.410554192457,37.7762525066432
"440435","LARCENY/THEFT","TENDERLOIN",-122.414056291891,37.7827931071006
"669635","BURGLARY","NORTHERN",-122.428640754534,37.8006638617379
"595852","SUSPICIOUS OCC","TARAVAL",-122.46634028617,37.7566123449304
"81456","TRESPASS","NORTHERN",-122.420422400634,37.7889233553137
"287708","FRAUD","SOUTHERN",-122.415448759562,37.778293520129
"757254","NON-CRIMINAL","BAYVIEW",-122.396516098261,37.7523112196892
"292324","OTHER OFFENSES","BAYVIEW",-122.392074167872,37.7308550434271
"26800","LARCENY/THEFT","NORTHERN",-122.431927470567,37.7707315288345
"659733","ASSAULT","BAYVIEW",-122.378929147032,37.735189216668
"99673","MISSING PERSON","BAYVIEW",-122.394438859914,37.7364438996732
"676921","VEHICLE THEFT","BAYVIEW",-122.402841680867,37.7450364333137
"431734","FORGERY/COUNTERFEITING","RICHMOND",-122.439687134173,37.7843190300426
"390847","DRUG/NARCOTIC","TENDERLOIN",-122.415885065788,37.7835160564153
"144337","ASSAULT","BAYVIEW",-122.389877486888,37.7367416338184
"737273","BURGLARY","BAYVIEW",-122.401264905935,37.7303323096369
"488863","BURGLARY","RICHMOND",-122.48581229108,37.7725503666501
"201532","OTHER OFFENSES","TARAVAL",-122.481539457424,37.7652569107462
"651378","WARRANTS","MISSION",-122.406539115148,37.7564864109309
"828678","OTHER OFFENSES","TARAVAL",-122.463958201329,37.714242338502
"219016","LARCENY/THEFT","SOUTHERN",-122.413361136168,37.77636280535
"730546","OTHER OFFENSES","INGLESIDE",-122.429897303254,37.7088675402075
"623394","BURGLARY","BAYVIEW",-122.390412132668,37.7360102192532
"284866","OTHER OFFENSES","BAYVIEW",-122.390922553406,37.7198785524783
"581571","NON-CRIMINAL","SOUTHERN",-122.402343659494,37.7811666837563
"323488","NON-CRIMINAL","SOUTHERN",-122.393559121228,37.7794201313347
"140704","LARCENY/THEFT","MISSION",-122.426147009527,37.7621591031418
"281538","DRUG/NARCOTIC","SOUTHERN",-122.413564091744,37.779514030063
"241927","OTHER OFFENSES","NORTHERN",-122.433030311668,37.7973462529678
"744951","LARCENY/THEFT","CENTRAL",-122.411206348242,37.8021006193316
"34430","LARCENY/THEFT","TARAVAL",-122.483204413178,37.717582702172
"649339","VANDALISM","RICHMOND",-122.458462835765,37.7894826746909
"270445","NON-CRIMINAL","PARK",-122.452055909383,37.770311544715
"750851","ASSAULT","MISSION",-122.41469551481,37.7596861764245
"345366","OTHER OFFENSES","PARK",-122.449981765652,37.7662643310539
"854620","FORGERY/COUNTERFEITING","BAYVIEW",-122.402671594737,37.7564229800263
"304709","DRUG/NARCOTIC","SOUTHERN",-122.409776479312,37.7810558831366
"134592","SUSPICIOUS OCC","NORTHERN",-122.419739837805,37.7858926099715
"454057","BURGLARY","RICHMOND",-122.454092723279,37.7862748742981
"542861","LARCENY/THEFT","PARK",-122.439480772242,37.7833088100846
"170431","WARRANTS","NORTHERN",-122.418641097069,37.7846595655176
"513073","NON-CRIMINAL","SOUTHERN",-122.409536662692,37.7826911213472
"347171","LARCENY/THEFT","SOUTHERN",-122.395097774181,37.7940590485562
"454129","LARCENY/THEFT","NORTHERN",-122.41827417166,37.7870372043685
"248007","OTHER OFFENSES","BAYVIEW",-122.414809966357,37.7865194111614
"383376","VANDALISM","SOUTHERN",-122.393968242372,37.7861359964429
"660134","NON-CRIMINAL","SOUTHERN",-122.403404791479,37.775420706711
"420196","OTHER OFFENSES","MISSION",-122.416389710283,37.7652491154383
"308243","LARCENY/THEFT","CENTRAL",-122.41274032268,37.788755110963
"582107","DRUG/NARCOTIC","SOUTHERN",-122.407844136792,37.7767462195389
"228506","ASSAULT","NORTHERN",-122.432951589917,37.8050520228881
"384317","OTHER OFFENSES","MISSION",-122.407538332319,37.7657827544276
"1494","LARCENY/THEFT","NORTHERN",-122.423217673913,37.7864017954155
"197453","PROSTITUTION","MISSION",-122.416220195692,37.7628151579852
"75834","LARCENY/THEFT","NORTHERN",-122.421477162118,37.7861527352201
"479816","OTHER OFFENSES","NORTHERN",-122.422984865337,37.7893598360149
"464770","DRUG/NARCOTIC","BAYVIEW",-122.392351560046,37.7300677159311
"416896","LARCENY/THEFT","MISSION",-122.421082850193,37.764910844226
"156773","RECOVERED VEHICLE","MISSION",-122.437325143517,37.750237412458
"192790","WARRANTS","TENDERLOIN",-122.414056291891,37.7827931071006
"308491","OTHER OFFENSES","MISSION",-122.406751589677,37.7493080513683
"515940","DRUG/NARCOTIC","TENDERLOIN",-122.410928353347,37.7836778741124
"474504","LARCENY/THEFT","MISSION",-122.407685897302,37.7670824029841
"246571","SUSPICIOUS OCC","SOUTHERN",-122.39094664724,37.7851593943218
"276717","LARCENY/THEFT","PARK",-122.435357598597,37.7793814654384
"149844","NON-CRIMINAL","RICHMOND",-122.468442785662,37.786452704359
"517906","VANDALISM","MISSION",-122.431304274727,37.7642928874306
"877023","OTHER OFFENSES","TENDERLOIN",-122.41431222924,37.7798339183587
"154126","OTHER OFFENSES","TENDERLOIN",-122.414056291891,37.7827931071006
"266836","EXTORTION","TARAVAL",-122.494291805204,37.748758534021
"258780","WARRANTS","TENDERLOIN",-122.413069926397,37.7820204255866
"731986","OTHER OFFENSES","NORTHERN",-122.430436523482,37.7721069661715
"795285","LARCENY/THEFT","MISSION",-122.420817675346,37.7544878225551
"830871","VEHICLE THEFT","TENDERLOIN",-122.415694922141,37.7825851968238
"190201","DRUG/NARCOTIC","MISSION",-122.41965834371,37.7642205603745
"378831","TRESPASS","MISSION",-122.419350173229,37.7610160912056
"585369","ROBBERY","NORTHERN",-122.430047639392,37.7788487867396
"738723","LARCENY/THEFT","TENDERLOIN",-122.406351834294,37.7860311576362
"237519","OTHER OFFENSES","SOUTHERN",-122.403404791479,37.775420706711
"520052","OTHER OFFENSES","NORTHERN",-122.428773199378,37.7847222825051
"821357","VEHICLE THEFT","SOUTHERN",-122.422513037848,37.7707107653585
"419225","LARCENY/THEFT","MISSION",-122.42272787354,37.7503729275402
"181046","WARRANTS","SOUTHERN",-122.408421116922,37.7835699386918
"41158","WEAPON LAWS","CENTRAL",-122.414809966357,37.7865194111614
"74154","LARCENY/THEFT","SOUTHERN",-122.409795194505,37.7800356268394
"666382","LARCENY/THEFT","BAYVIEW",-122.393732090382,37.7640221094133
"458164","OTHER OFFENSES","MISSION",-122.421082850193,37.764910844226
"103600","MISSING PERSON","RICHMOND",-122.480448291968,37.7792984761341
"689212","WARRANTS","TENDERLOIN",-122.406351834294,37.7860311576362
"617912","SUSPICIOUS OCC","NORTHERN",-122.421949487547,37.7884881521135
"527463","MISSING PERSON","MISSION",-122.406604919508,37.7571580431915
"784136","MISSING PERSON","CENTRAL",-122.404799424958,37.7944525389252
"224127","BURGLARY","CENTRAL",-122.413347040169,37.7956405095894
"50469","LARCENY/THEFT","TARAVAL",-122.461063433153,37.7402916946674
"587618","FORGERY/COUNTERFEITING","MISSION",-122.419441713847,37.7585539786803
"251382","LARCENY/THEFT","SOUTHERN",-122.408520791815,37.7785853155801
"241631","DRUG/NARCOTIC","SOUTHERN",-122.413564091744,37.779514030063
"778005","OTHER OFFENSES","MISSION",-122.420575720933,37.7641819463712
"219031","LARCENY/THEFT","SOUTHERN",-122.389008295709,37.7892474519723
"791564","ASSAULT","TARAVAL",-122.457577558464,37.7141207605828
"284629","ASSAULT","SOUTHERN",-122.414317857881,37.7799444052046
"573040","BURGLARY","CENTRAL",-122.403161406047,37.7944323288641
"303217","ASSAULT","TENDERLOIN",-122.414850480524,37.7856087588303
"93114","LARCENY/THEFT","CENTRAL",-122.425300930134,37.8050769933248
"316957","FRAUD","BAYVIEW",-122.387897392339,37.7295044158952
"518550","DRUG/NARCOTIC","TENDERLOIN",-122.412970537591,37.7857883766888
"717480","LARCENY/THEFT","NORTHERN",-122.41945807316,37.7844990197768
"628503","DRUG/NARCOTIC","SOUTHERN",-122.409247675547,37.7813987340892
"376047","ASSAULT","MISSION",-122.406539115148,37.7564864109309
"755193","VEHICLE THEFT","SOUTHERN",-122.390579850948,37.7817984882729
"155853","VANDALISM","MISSION",-122.419196838603,37.7594144253287
"662674","WARRANTS","RICHMOND",-122.500139330498,37.7775132030569
"751700","VEHICLE THEFT","NORTHERN",-122.432469285194,37.7737575246852
"52455","LARCENY/THEFT","CENTRAL",-122.403895854165,37.7992478925162
"865127","VANDALISM","INGLESIDE",-122.448425073579,37.7228623767109
"2998","LARCENY/THEFT","NORTHERN",-122.433052223884,37.7974547210515
"39938","LARCENY/THEFT","SOUTHERN",-122.408421116922,37.7835699386918
"21273","OTHER OFFENSES","BAYVIEW",-122.38160966743,37.7311764618482
"942","LARCENY/THEFT","TENDERLOIN",-122.407244087032,37.7865647607685
"600763","LARCENY/THEFT","SOUTHERN",-122.403404791479,37.775420706711
"483078","LARCENY/THEFT","PARK",-122.442795743643,37.7828833959001
"313105","ASSAULT","NORTHERN",-122.425609695333,37.77319952577
"78625","SECONDARY CODES","SOUTHERN",-122.410939205552,37.7792122590085
"104686","KIDNAPPING","PARK",-122.441810132336,37.7808612802925
"294711","LARCENY/THEFT","SOUTHERN",-122.403404791479,37.775420706711
"32731","NON-CRIMINAL","MISSION",-122.419876917134,37.7695797471896
"207990","SUSPICIOUS OCC","MISSION",-122.421662616877,37.7648758178404
"315450","LARCENY/THEFT","CENTRAL",-122.417295322526,37.7862578545865
"316928","DRUG/NARCOTIC","SOUTHERN",-122.412651894354,37.7795131668888
"264753","LARCENY/THEFT","BAYVIEW",-122.39701495404,37.762495098651
"530505","LARCENY/THEFT","TARAVAL",-122.478278206332,37.7209451616295
"74906","NON-CRIMINAL","RICHMOND",-122.482453500706,37.7773103730721
"308501","WARRANTS","MISSION",-122.409131939489,37.7527969985584
"218631","VEHICLE THEFT","TARAVAL",-122.50514913453,37.7482800128019
"248144","MISSING PERSON","SOUTHERN",-122.407999186749,37.7778241673064
"602231","NON-CRIMINAL","PARK",-122.458680189782,37.7481554692332
"170692","VEHICLE THEFT","INGLESIDE",-122.427821457553,37.7321464533806
"773831","LARCENY/THEFT","MISSION",-122.408686198578,37.7619007350286
"44513","OTHER OFFENSES","INGLESIDE",-122.407270346349,37.7128977686972
"404563","SUSPICIOUS OCC","CENTRAL",-122.414449135147,37.8055701762625
"254940","LARCENY/THEFT","SOUTHERN",-122.40038746482,37.8025735991651
"11250","NON-CRIMINAL","SOUTHERN",-122.418480564808,37.775898446204
"716495","FRAUD","NORTHERN",-122.431834622947,37.7702707640359
"877144","OTHER OFFENSES","MISSION",-122.419671780303,37.7650501214714
"638945","FORGERY/COUNTERFEITING","SOUTHERN",-122.403919148357,37.7871160984672
"86696","LARCENY/THEFT","SOUTHERN",-122.399045655841,37.7813197113532
"405940","ASSAULT","BAYVIEW",-122.394461517783,37.7285100562628
"425228","DRUG/NARCOTIC","SOUTHERN",-122.409011206639,37.7811340568243
"584813","SECONDARY CODES","INGLESIDE",-122.431295002963,37.7287297938303
"805097","NON-CRIMINAL","CENTRAL",-122.415373701248,37.7893203404278
"626813","NON-CRIMINAL","INGLESIDE",-122.416192700509,37.718510177529
"90961","NON-CRIMINAL","BAYVIEW",-122.402571216964,37.7641259075201
"787534","NON-CRIMINAL","SOUTHERN",-122.408068345155,37.7839916767932
"385303","NON-CRIMINAL","RICHMOND",-122.50774902863,37.772411893408
"649565","ASSAULT","SOUTHERN",-122.411641938308,37.7700478463271
"117806","NON-CRIMINAL","BAYVIEW",-122.397744427103,37.7299346936044
"623204","DRUG/NARCOTIC","NORTHERN",-122.428223303176,37.7818959488603
"819068","OTHER OFFENSES","MISSION",-122.41561344008,37.7693628813207
"536736","TRESPASS","SOUTHERN",-122.39998111124,37.7776242389287
"108476","OTHER OFFENSES","MISSION",-122.41965834371,37.7642205603745
"600576","NON-CRIMINAL","TENDERLOIN",-122.415694922134,37.7825851968467
"585875","OTHER OFFENSES","RICHMOND",-122.479502311724,37.771265769233
"292037","FRAUD","CENTRAL",-122.402932209678,37.7933156161821
"371250","VANDALISM","SOUTHERN",-122.400377994049,37.7826462926371
"415908","LARCENY/THEFT","TARAVAL",-122.475222189932,37.7210571460375
"149011","SUSPICIOUS OCC","TENDERLOIN",-122.416916142188,37.7843944492068
"419210","PROSTITUTION","MISSION",-122.415929849548,37.7604330003754
"326407","LARCENY/THEFT","NORTHERN",-122.418229899721,37.7784895366813
"672193","ROBBERY","CENTRAL",-122.398447802857,37.7980037233355
"132857","LARCENY/THEFT","CENTRAL",-122.405219130615,37.7943448494409
"554678","OTHER OFFENSES","BAYVIEW",-122.390136349844,37.7368036226976
"746284","ASSAULT","INGLESIDE",-122.429782544787,37.7212089121452
"806260","LARCENY/THEFT","SOUTHERN",-122.403208907615,37.7730496400345
"49432","MISSING PERSON","INGLESIDE",-122.434764286692,37.7226161363136
"22266","WARRANTS","SOUTHERN",-122.405359371753,37.7859774761625
"100713","OTHER OFFENSES","TENDERLOIN",-122.412784096502,37.7848656939526
"394690","FRAUD","MISSION",-122.435187699349,37.7626702770872
"657743","VANDALISM","MISSION",-122.429567892224,37.7620293003384
"194034","LARCENY/THEFT","TARAVAL",-122.453603802698,37.7219076571989
"236746","OTHER OFFENSES","PARK",-122.458085846905,37.7449533187177
"615643","BURGLARY","TARAVAL",-122.463485078935,37.7351566783277
"818901","LARCENY/THEFT","SOUTHERN",-122.406346425632,37.7791674218963
"446379","DRUG/NARCOTIC","TENDERLOIN",-122.416710733848,37.7833570390935
"110255","OTHER OFFENSES","TENDERLOIN",-122.416732163096,37.783465567448
"13774","VEHICLE THEFT","BAYVIEW",-122.392447441376,37.746275498295
"216818","ASSAULT","NORTHERN",-122.418090766692,37.7861007451645
"313568","BURGLARY","BAYVIEW",-122.38958650613,37.7383723048018
"356067","ASSAULT","SOUTHERN",-122.403404791479,37.775420706711
"635228","OTHER OFFENSES","SOUTHERN",-122.365565425353,37.8096707013239
"758492","VEHICLE THEFT","RICHMOND",-122.495036567834,37.7748653244871
"336479","OTHER OFFENSES","PARK",-122.440341074545,37.7833242481047
"221805","OTHER OFFENSES","CENTRAL",-122.396612261014,37.7950446763389
"664548","FRAUD","CENTRAL",-122.406958660609,37.7894347629811
"562448","OTHER OFFENSES","INGLESIDE",-122.431261145638,37.7229250152155
"747145","VEHICLE THEFT","RICHMOND",-122.503098446489,37.7803900796193
"175335","LARCENY/THEFT","CENTRAL",-122.411679447877,37.7991164443528
"517894","SUSPICIOUS OCC","TARAVAL",-122.45756661137,37.7131276841881
"576906","DRUG/NARCOTIC","SOUTHERN",-122.406520987144,37.7850629421661
"615005","NON-CRIMINAL","SOUTHERN",-122.418480564808,37.775898446204
"779689","LARCENY/THEFT","NORTHERN",-122.420441315944,37.7810301390636
"660650","VEHICLE THEFT","MISSION",-122.422958425571,37.7627293201302
"370223","DRUG/NARCOTIC","TENDERLOIN",-122.415694922134,37.7825851968467
"112444","VEHICLE THEFT","MISSION",-122.424137406938,37.7535033970532
"601190","NON-CRIMINAL","BAYVIEW",-122.399466543902,37.7402410922846
"50616","NON-CRIMINAL","MISSION",-122.406539115148,37.7564864109309
"672232","FRAUD","BAYVIEW",-122.382353196281,37.7344311999662
"615265","VANDALISM","TENDERLOIN",-122.416583456133,37.7786591541508
"679011","SUSPICIOUS OCC","BAYVIEW",-122.387927387652,37.7427030847719
"837563","VEHICLE THEFT","TARAVAL",-122.462662579236,37.7472652401118
"601274","SUSPICIOUS OCC","CENTRAL",-122.397010347798,37.7936404234689
"395219","ASSAULT","SOUTHERN",-122.409325210496,37.7788157426427
"133456","WARRANTS","NORTHERN",-122.418382008607,37.7832583770949
"360312","OTHER OFFENSES","SOUTHERN",-122.409065928912,37.7741937899804
"656244","NON-CRIMINAL","CENTRAL",-122.417044292614,37.7895952774322
"200401","VANDALISM","MISSION",-122.417647884705,37.7668053842905
"288670","VEHICLE THEFT","TARAVAL",-122.49578373689,37.7393409672026
"326107","ASSAULT","SOUTHERN",-122.403404791479,37.775420706711
"249828","NON-CRIMINAL","INGLESIDE",-122.429937244308,37.7255166945685
"242938","OTHER OFFENSES","BAYVIEW",-122.393777241684,37.7355378380229
"178610","DRUNKENNESS","SOUTHERN",-122.390858609124,37.779096360374
"795740","ASSAULT","SOUTHERN",-122.412845031536,37.7748170645635
"381487","LARCENY/THEFT","CENTRAL",-122.403434086745,37.78764305018
"772137","ASSAULT","TENDERLOIN",-122.412249767634,37.782556330202
"201151","NON-CRIMINAL","SOUTHERN",-122.412736707425,37.7777124404316
"238805","LARCENY/THEFT","SOUTHERN",-122.402379853055,37.7794578169764
"646237","ROBBERY","MISSION",-122.424260561379,37.7664064445087
"375952","OTHER OFFENSES","MISSION",-122.410488829308,37.7656058638705
"59551","ASSAULT","BAYVIEW",-122.384161286185,37.7273840237408
"618488","OTHER OFFENSES","MISSION",-122.414862768744,37.7492374030159
"226384","WARRANTS","NORTHERN",-122.418229899721,37.7784895366813
"120512","NON-CRIMINAL","SOUTHERN",-122.403919148357,37.7871160984672
"325053","SUSPICIOUS OCC","TENDERLOIN",-122.415120589338,37.7817589366405
"173703","WARRANTS","TENDERLOIN",-122.411615075408,37.7831614109395
"809921","DRUNKENNESS","TENDERLOIN",-122.414056291898,37.7827931070777
"590424","OTHER OFFENSES","CENTRAL",-122.402582536497,37.7998449681401
"434804","DRUG/NARCOTIC","TENDERLOIN",-122.416459785313,37.7860170554787
"806595","NON-CRIMINAL","MISSION",-122.435563016294,37.760801062884
"556299","SUSPICIOUS OCC","TENDERLOIN",-122.412999075009,37.786277459166
"331275","OTHER OFFENSES","TENDERLOIN",-122.415977627827,37.7854670505017
"719353","MISSING PERSON","PARK",-122.436535415984,37.7775549272507
"347081","WARRANTS","SOUTHERN",-122.407633520742,37.7841893501425
"264512","NON-CRIMINAL","NORTHERN",-122.418751252829,37.7851160049429
"586092","RUNAWAY","NORTHERN",-122.421395819115,37.7856843389472
"47154","OTHER OFFENSES","NORTHERN",-122.421332684633,37.7770902743669
"243914","OTHER OFFENSES","SOUTHERN",-122.403404791479,37.775420706711
"864733","WEAPON LAWS","RICHMOND",-122.462489351639,37.7669591731812
"606694","LARCENY/THEFT","NORTHERN",-122.427749887673,37.783446475399
"627160","WARRANTS","MISSION",-122.41812008649,37.7603012340397
"432074","ASSAULT","MISSION",-122.413261970103,37.752610055276
"423700","OTHER OFFENSES","BAYVIEW",-122.403161251408,37.7615234591434
"509912","OTHER OFFENSES","RICHMOND",-122.479502311724,37.771265769233
"580657","DRUG/NARCOTIC","SOUTHERN",-122.411071423064,37.7817511307229
"331791","OTHER OFFENSES","TENDERLOIN",-122.411987643595,37.7850226622786
"583820","LARCENY/THEFT","MISSION",-122.435150099812,37.7617597243598
"560114","DRUG/NARCOTIC","SOUTHERN",-122.403390364796,37.7802655777189
"363490","LARCENY/THEFT","MISSION",-122.412051228021,37.761644197745
"740914","LARCENY/THEFT","TENDERLOIN",-122.407244087032,37.7865647607685
"803834","WARRANTS","TENDERLOIN",-122.412999075009,37.786277459166
"181222","VEHICLE THEFT","PARK",-122.437612766191,37.7740604119579
"555452","OTHER OFFENSES","CENTRAL",-122.398919477596,37.796953574467
"791533","WEAPON LAWS","BAYVIEW",-122.401073706993,37.7215354317028
"811898","WARRANTS","SOUTHERN",-122.405294845215,37.7863072236365
"747713","DRUG/NARCOTIC","MISSION",-122.421886357989,37.7649178909469
"556463","WARRANTS","PARK",-122.440879521853,37.7775321935218
"317282","OTHER OFFENSES","SOUTHERN",-122.416578493475,37.773907074489
"743958","WARRANTS","MISSION",-122.406539115148,37.7564864109309
"622916","FRAUD","CENTRAL",-122.406592269796,37.7875673013055
"130956","SUSPICIOUS OCC","NORTHERN",-122.423031175088,37.7854818747419
"532159","DRUG/NARCOTIC","TENDERLOIN",-122.416142447835,37.7806138831748
"490368","NON-CRIMINAL","SOUTHERN",-122.403404791479,37.775420706711
"531013","OTHER OFFENSES","SOUTHERN",-122.365565425353,37.8096707013239
"683328","LARCENY/THEFT","TENDERLOIN",-122.407845374111,37.7850943210103
"752086","LARCENY/THEFT","INGLESIDE",-122.435682711765,37.7275173689962
"549660","OTHER OFFENSES","INGLESIDE",-122.416446124049,37.7329162539537
"230022","LARCENY/THEFT","SOUTHERN",-122.403404791479,37.775420706711
"144959","MISSING PERSON","MISSION",-122.415142222785,37.7491658872937
"350590","NON-CRIMINAL","TENDERLOIN",-122.415088721046,37.7836719564372
"526208","SUSPICIOUS OCC","BAYVIEW",-122.378902736531,37.7361907674431
"617679","NON-CRIMINAL","SOUTHERN",-122.40989282029,37.7801134973164
"267441","BURGLARY","SOUTHERN",-122.393460953167,37.7794975702131
"701143","VANDALISM","TARAVAL",-122.505937977815,37.7379266576619
"46836","SUSPICIOUS OCC","INGLESIDE",-122.441227673446,37.7160781812918
"155310","ASSAULT","BAYVIEW",-122.388158941787,37.7323536922436
"858511","LARCENY/THEFT","CENTRAL",-122.404594467289,37.7907445241029
"732344","VANDALISM","RICHMOND",-122.479378927463,37.7812822499406
"241928","OTHER OFFENSES","NORTHERN",-122.433030311668,37.7973462529678
"616117","LARCENY/THEFT","BAYVIEW",-122.401640809684,37.7558377424925
"362660","LARCENY/THEFT","SOUTHERN",-122.412834332129,37.7777903094246
"508308","ASSAULT","BAYVIEW",-122.380760533465,37.7310330649802
"748828","BURGLARY","RICHMOND",-122.477236710532,37.7813847228361
"715336","NON-CRIMINAL","SOUTHERN",-122.403404791479,37.775420706711
"673845","DRUG/NARCOTIC","TENDERLOIN",-122.41487855905,37.7826335031541
"515965","OTHER OFFENSES","NORTHERN",-122.4338668246,37.7893892227178
"61194","ASSAULT","TENDERLOIN",-122.413753670487,37.78373004094
"830629","DRUG/NARCOTIC","SOUTHERN",-122.408913229808,37.7812116507663
"136615","LARCENY/THEFT","TENDERLOIN",-122.407707096397,37.7851034545661
"449551","DRUG/NARCOTIC","TENDERLOIN",-122.411778295992,37.7839805592634
"678131","OTHER OFFENSES","MISSION",-122.417964483768,37.7586968166534
"473969","OTHER OFFENSES","CENTRAL",-122.402232454222,37.7984302773598
"526113","VEHICLE THEFT","INGLESIDE",-122.430403703662,37.7317874596348
"770362","LARCENY/THEFT","INGLESIDE",-122.441928944189,37.7359690068882
"525126","TRESPASS","MISSION",-122.419470488515,37.7622701739914
"593797","WEAPON LAWS","BAYVIEW",-122.381567218773,37.728680194528
"616469","MISSING PERSON","TARAVAL",-122.452222836761,37.7209145102852
"447237","ROBBERY","INGLESIDE",-122.410829623756,37.7347331717697
"440457","DRUG/NARCOTIC","SOUTHERN",-122.393490007522,37.7828975050745
"462492","OTHER OFFENSES","RICHMOND",-122.446612887686,37.7863007901692
"855664","OTHER OFFENSES","MISSION",-122.422045943555,37.766538719604
"128630","ROBBERY","BAYVIEW",-122.394588601096,37.7524273767291
"674199","VANDALISM","INGLESIDE",-122.416442382139,37.7097707300435
"112567","DRUG/NARCOTIC","SOUTHERN",-122.403284843106,37.787306416019
"507287","LARCENY/THEFT","SOUTHERN",-122.402687653213,37.7660754132449
"31278","VEHICLE THEFT","NORTHERN",-122.438593884737,37.7957394759334
"549934","ASSAULT","TARAVAL",-122.465654109201,37.7621431286655
"762348","VEHICLE THEFT","RICHMOND",-122.459743426274,37.7855545119448
"46571","NON-CRIMINAL","CENTRAL",-122.413056449036,37.7876453111782
"668748","OTHER OFFENSES","MISSION",-122.414089000716,37.7525050785803
"88492","ASSAULT","TENDERLOIN",-122.408201657254,37.7868849113107
"262384","ASSAULT","MISSION",-122.411460509414,37.764882969949
"835854","BURGLARY","RICHMOND",-122.458863030969,37.780273780587
"799342","VEHICLE THEFT","BAYVIEW",-122.384999937293,37.7555197453475
"262555","SECONDARY CODES","MISSION",-122.42207304894,37.7661259454801
"395390","MISSING PERSON","INGLESIDE",-122.422592099161,37.709998706156
"193526","OTHER OFFENSES","SOUTHERN",-122.406520987144,37.7850629421661
"724708","LARCENY/THEFT","PARK",-122.444988946157,37.7517781008065
"755952","LARCENY/THEFT","MISSION",-122.418738265772,37.7546172382083
"422977","VANDALISM","RICHMOND",-122.454524371322,37.7783165297875
"409970","LARCENY/THEFT","MISSION",-122.443079411902,37.7592233601455
"161967","MISSING PERSON","BAYVIEW",-122.401968361773,37.7356138034783
"619241","FORGERY/COUNTERFEITING","SOUTHERN",-122.413564091744,37.779514030063
"512841","ASSAULT","TARAVAL",-122.467994568627,37.7142667343198
"149847","OTHER OFFENSES","BAYVIEW",-122.396907843449,37.749050451453
"843871","VEHICLE THEFT","BAYVIEW",-122.385037526317,37.7542885971708
"821510","OTHER OFFENSES","NORTHERN",-122.426071405993,37.775524118143
"42141","OTHER OFFENSES","PARK",-122.445108026534,37.7692836722818
"324911","ROBBERY","TARAVAL",-122.464483602934,37.7216789809898
"634689","LARCENY/THEFT","MISSION",-122.426955631709,37.769247063207
"359398","LARCENY/THEFT","SOUTHERN",-122.403404791479,37.775420706711
"409840","OTHER OFFENSES","PARK",-122.438098378037,37.7806388583762
"651818","LARCENY/THEFT","TENDERLOIN",-122.416732163096,37.783465567448
"482860","BURGLARY","MISSION",-122.423761749548,37.7623585990802
"385901","NON-CRIMINAL","BAYVIEW",-122.409046450139,37.7209474212723
"251250","DRUNKENNESS","SOUTHERN",-122.412447373124,37.775633673443
"49322","SUSPICIOUS OCC","INGLESIDE",-122.422366686691,37.7417616962887
"555355","FRAUD","SOUTHERN",-122.403404791479,37.775420706711
"396701","NON-CRIMINAL","SOUTHERN",-122.409795194505,37.7800356268394
"456677","ROBBERY","PARK",-122.453512911126,37.7686969786551
"176672","NON-CRIMINAL","TARAVAL",-122.505923256341,37.761339931633
"842912","WARRANTS","INGLESIDE",-122.434870543619,37.7245891609336
"385549","FORGERY/COUNTERFEITING","SOUTHERN",-122.403919148357,37.7871160984672
"122514","LARCENY/THEFT","SOUTHERN",-122.413189430011,37.7712736913576
"411745","FAMILY OFFENSES","TENDERLOIN",-122.410157073911,37.7842973843312
"344742","LARCENY/THEFT","NORTHERN",-122.436895059773,37.8036015916339
"447682","SUSPICIOUS OCC","PARK",-122.449136465038,37.7650028466288
"872839","OTHER OFFENSES","MISSION",-122.408980216324,37.751200748567
"323137","VANDALISM","SOUTHERN",-122.389113595272,37.7857281880557
"365366","SECONDARY CODES","INGLESIDE",-122.433998219387,37.7276370036007
"866127","ASSAULT","BAYVIEW",-122.389601286255,37.7375250948447
"685520","SUSPICIOUS OCC","BAYVIEW",-122.406844394483,37.7946548898815
"829265","NON-CRIMINAL","SOUTHERN",-122.403404791479,37.775420706711
"425519","LARCENY/THEFT","NORTHERN",-122.435981901424,37.7991768474303
"868640","OTHER OFFENSES","SOUTHERN",-122.400799947914,37.7799338672319
"162400","WARRANTS","INGLESIDE",-122.417255583878,37.7444434034252
"495964","LARCENY/THEFT","RICHMOND",-122.466204667893,37.7725405391593
"858908","VANDALISM","TARAVAL",-122.47783752661,37.7420020741769
"842343","NON-CRIMINAL","NORTHERN",-122.419858277339,37.786137125238
"550544","ASSAULT","SOUTHERN",-122.412933062384,37.7739274524819
"205556","MISSING PERSON","MISSION",-122.406604919508,37.7571580431915
"482645","LARCENY/THEFT","SOUTHERN",-122.41316085097,37.7774566611807
"606563","VEHICLE THEFT","CENTRAL",-122.407065062609,37.8025608394002
"32143","VANDALISM","CENTRAL",-122.398187664281,37.7967148853927
"755833","DRUG/NARCOTIC","TENDERLOIN",-122.412758759499,37.7850960963726
"334935","LARCENY/THEFT","NORTHERN",-122.425963017309,37.7707081231737
"457675","OTHER OFFENSES","TARAVAL",-122.455200576563,37.7227777754063
"609547","VEHICLE THEFT","TARAVAL",-122.485990461872,37.7509967221838
"204380","ROBBERY","NORTHERN",-122.419739837805,37.7858926099715
"40327","ROBBERY","NORTHERN",-122.418600974625,37.7802607511192
"523855","DRUG/NARCOTIC","CENTRAL",-122.417780778437,37.7932607942126
"592867","OTHER OFFENSES","RICHMOND",-122.441540269198,37.7850356913294
"57642","NON-CRIMINAL","NORTHERN",-122.421351234154,37.7979814491242
"667646","VEHICLE THEFT","TARAVAL",-122.478191939921,37.7635138827453
"729461","VEHICLE THEFT","SOUTHERN",-122.404796869064,37.7849071033727
"824374","OTHER OFFENSES","BAYVIEW",-122.39594642804,37.7549326991362
"693608","LARCENY/THEFT","MISSION",-122.412173946273,37.7629167766632
"227205","OTHER OFFENSES","TARAVAL",-122.479993400908,37.7318192309615
"493702","NON-CRIMINAL","CENTRAL",-122.414955526873,37.7913636073531
"396039","VANDALISM","MISSION",-122.406681057265,37.755343095442
"164753","WARRANTS","NORTHERN",-122.420250482603,37.7800745746334
"536526","VEHICLE THEFT","MISSION",-122.431028702713,37.7658672394532
"234655","NON-CRIMINAL","TENDERLOIN",-122.412930522059,37.7838344374141
"542575","SEX OFFENSES FORCIBLE","CENTRAL",-122.416773563916,37.7911165972854
"459445","DRIVING UNDER THE INFLUENCE","TARAVAL",-122.506714460434,37.735465762973
"322243","TRESPASS","NORTHERN",-122.431979576386,37.7800478529923
"502798","LARCENY/THEFT","MISSION",-122.421569323299,37.7608815949553
"785164","LARCENY/THEFT","CENTRAL",-122.419919551038,37.7972231716517
"654797","DRUG/NARCOTIC","TENDERLOIN",-122.412784096502,37.7848656939526
"269630","SECONDARY CODES","INGLESIDE",-122.413156703091,37.7371067513459
"99627","OTHER OFFENSES","MISSION",-122.419350173229,37.7610160912056
"464681","OTHER OFFENSES","RICHMOND",-122.4779149156,37.7822791509729
"374305","FRAUD","SOUTHERN",-122.403404791479,37.775420706711
"411927","LARCENY/THEFT","SOUTHERN",-122.404385042303,37.7721958190345
"530961","FORGERY/COUNTERFEITING","TENDERLOIN",-122.41431222924,37.7798339183587
"618688","DRUG/NARCOTIC","MISSION",-122.41965834371,37.7642205603745
"138425","NON-CRIMINAL","SOUTHERN",-122.39784956123,37.7793117074346
"287247","NON-CRIMINAL","BAYVIEW",-122.392074167872,37.7308550434271
"813970","LARCENY/THEFT","SOUTHERN",-122.405359371753,37.7859774761625
"477047","ASSAULT","NORTHERN",-122.424213523392,37.7740627336887
"716357","LARCENY/THEFT","NORTHERN",-122.433668534709,37.787708547267
"364372","DRUG/NARCOTIC","PARK",-122.452706340322,37.7692156705894
"698256","BURGLARY","MISSION",-122.440411847156,37.7554456064661
"462543","OTHER OFFENSES","SOUTHERN",-122.409536662692,37.7826911213472
"682717","LARCENY/THEFT","SOUTHERN",-122.403404791479,37.775420706711
"113022","LARCENY/THEFT","TARAVAL",-122.477722292659,37.7174111639675
"508214","LARCENY/THEFT","MISSION",-122.425378994759,37.7526134751532
"872311","LARCENY/THEFT","RICHMOND",-122.448353805212,37.7804419276616
"823914","ASSAULT","NORTHERN",-122.432116233695,37.7800304351156
"474398","OTHER OFFENSES","SOUTHERN",-122.407163046954,37.7797376338991
"207477","LARCENY/THEFT","CENTRAL",-122.410774214375,37.8084350175869
"169992","VANDALISM","INGLESIDE",-122.427610068865,37.7346587567211
"724531","DRUG/NARCOTIC","SOUTHERN",-122.409247675554,37.7813987340663
"699172","LARCENY/THEFT","NORTHERN",-122.421572274158,37.7866181600769
"722779","VANDALISM","BAYVIEW",-122.400006785029,37.7507663355018
"304585","NON-CRIMINAL","MISSION",-122.412190122464,37.7550119658043
"12585","ARSON","BAYVIEW",-122.392623643609,37.7517100089534
"580070","TRESPASS","SOUTHERN",-122.404956956375,37.7851178563953
"795587","ROBBERY","SOUTHERN",-122.408710606671,37.7809706721824
"167593","NON-CRIMINAL","SOUTHERN",-122.402121507956,37.77756179156
"797514","ASSAULT","MISSION",-122.414603717327,37.7493085877432
"107436","VANDALISM","TARAVAL",-122.48316581827,37.7567333082645
"395540","MISSING PERSON","RICHMOND",-122.498390355107,37.768861527492
"690533","VEHICLE THEFT","MISSION",-122.43563003619,37.7550735710854
"705358","LARCENY/THEFT","BAYVIEW",-122.391904260902,37.7551569778325
"820509","ROBBERY","SOUTHERN",-122.389432577203,37.7888379055889
"151248","OTHER OFFENSES","INGLESIDE",-122.432513268341,37.7377582824808
"560263","DRUG/NARCOTIC","RICHMOND",-122.466204667893,37.7725405391593
"209680","LARCENY/THEFT","BAYVIEW",-122.387927387609,37.7427030847405
"844088","NON-CRIMINAL","TENDERLOIN",-122.413237516676,37.7828430233213
"606995","OTHER OFFENSES","MISSION",-122.419671780296,37.7650501214668
"54664","LARCENY/THEFT","SOUTHERN",-122.391588816975,37.7796910137658
"237232","OTHER OFFENSES","TENDERLOIN",-122.410768766343,37.7832145190013
"808569","LARCENY/THEFT","PARK",-122.463234980053,37.7660549150141
"492282","DRUG/NARCOTIC","TENDERLOIN",-122.411965795229,37.7849141859562
"188630","LARCENY/THEFT","CENTRAL",-122.400542764838,37.793079042261
"561633","DRUG/NARCOTIC","TENDERLOIN",-122.415088721046,37.7836719564372
"308652","VANDALISM","INGLESIDE",-122.447526215895,37.7116676649678
"371909","DRIVING UNDER THE INFLUENCE","RICHMOND",-122.473121003455,37.7844207549235
"579360","MISSING PERSON","TARAVAL",-122.460687878061,37.7100131333471
"288072","LARCENY/THEFT","TENDERLOIN",-122.412606230898,37.7810067957738
"195202","SUSPICIOUS OCC","PARK",-122.43294024481,37.7718450016424
"774360","STOLEN PROPERTY","INGLESIDE",-122.428836563261,37.7239546764665
"117351","MISSING PERSON","NORTHERN",-122.428687263963,37.8008967365514
"63050","NON-CRIMINAL","BAYVIEW",-122.397744427103,37.7299346936044
"657851","MISSING PERSON","NORTHERN",-122.430118762295,37.791286303662
"326156","SUSPICIOUS OCC","CENTRAL",-122.410882825551,37.7879209375533
"696104","SUSPICIOUS OCC","PARK",-122.459430907515,37.7653349380818
"832892","DRUG/NARCOTIC","TENDERLOIN",-122.413631253258,37.7848053746211
"220771","KIDNAPPING","SOUTHERN",-122.411277969882,37.7735786121372
"140809","VANDALISM","SOUTHERN",-122.40864873517,37.7773110274033
"291429","NON-CRIMINAL","CENTRAL",-122.406669739951,37.7978641744394
"422947","OTHER OFFENSES","NORTHERN",-122.41827417166,37.7870372043685
"777257","SUSPICIOUS OCC","CENTRAL",-122.405942287676,37.7924508111492
"235711","ASSAULT","NORTHERN",-122.418951160054,37.7779227182608
"391945","SUSPICIOUS OCC","BAYVIEW",-122.396274357968,37.7606549517992
"502522","LARCENY/THEFT","INGLESIDE",-122.45110690919,37.7119931680328
"430686","SUSPICIOUS OCC","TENDERLOIN",-122.414900544562,37.7827419623926
"422065","LARCENY/THEFT","NORTHERN",-122.429502384369,37.801184163232
"844572","LARCENY/THEFT","MISSION",-122.426955631709,37.769247063207
"390107","NON-CRIMINAL","MISSION",-122.435187699349,37.7626702770872
"126241","NON-CRIMINAL","CENTRAL",-122.409876622532,37.787148807979
"468552","MISSING PERSON","TARAVAL",-122.454158224803,37.7191235212974
"475169","OTHER OFFENSES","INGLESIDE",-122.4208910342,37.7120920675614
"117758","ASSAULT","SOUTHERN",-122.420303482492,37.770896885856
"540621","VEHICLE THEFT","NORTHERN",-122.427986508395,37.793306565646
"790516","DRUG/NARCOTIC","SOUTHERN",-122.409708423721,37.7828276498838
"228483","ROBBERY","NORTHERN",-122.433084166837,37.7851499161537
"827711","OTHER OFFENSES","TARAVAL",-122.485832029618,37.7650665492268
"752584","VEHICLE THEFT","BAYVIEW",-122.414478481954,37.723520798502
"584399","LARCENY/THEFT","CENTRAL",-122.402070243227,37.7887198688133
"79688","VEHICLE THEFT","TENDERLOIN",-122.415127837608,37.7797870676495
"328194","DISORDERLY CONDUCT","TENDERLOIN",-122.41565370001,37.7787196511256
"78173","LARCENY/THEFT","SOUTHERN",-122.401846367522,37.7790324136251
"236147","DRUG/NARCOTIC","NORTHERN",-122.418562097105,37.7841847091303
"630773","VANDALISM","SOUTHERN",-122.397388784826,37.7825543452426
"56134","ROBBERY","CENTRAL",-122.403552860945,37.7886749669059
"807385","LARCENY/THEFT","NORTHERN",-122.42201026493,37.7801132110382
"40328","OTHER OFFENSES","MISSION",-122.418748733523,37.7554371875097
"171335","RECOVERED VEHICLE","BAYVIEW",-122.378268018481,37.7323807302226
"530858","RECOVERED VEHICLE","TENDERLOIN",-122.416075285051,37.7844496612791
"4689","VANDALISM","NORTHERN",-122.431673447197,37.7739204424876
"678304","BAD CHECKS","NORTHERN",-122.428969462908,37.7856179045546
"721394","LARCENY/THEFT","TENDERLOIN",-122.417530696987,37.783310753974
"493087","VEHICLE THEFT","TARAVAL",-122.467386018818,37.7630380334717
"204741","NON-CRIMINAL","TARAVAL",-122.48118317163,37.7437268170337
"111471","WARRANTS","TENDERLOIN",-122.409853729941,37.7833862379382
"128202","FRAUD","TENDERLOIN",-122.413869632554,37.7818621883021
"500108","ROBBERY","MISSION",-122.419671780296,37.7650501214668
"385547","ASSAULT","RICHMOND",-122.501880511405,37.780373856128
"26072","WARRANTS","BAYVIEW",-122.391549170299,37.7191791974582
"875579","VEHICLE THEFT","CENTRAL",-122.415560469013,37.7902540013454
"838921","WARRANTS","MISSION",-122.417054438267,37.7498946481153
"457249","OTHER OFFENSES","SOUTHERN",-122.408710606663,37.7809706722053
"800875","FORGERY/COUNTERFEITING","CENTRAL",-122.416952108576,37.8003649165301
"288217","LARCENY/THEFT","CENTRAL",-122.395329662983,37.7966652983014
"201190","DRUG/NARCOTIC","NORTHERN",-122.42049728879,37.789618819255
"212608","LARCENY/THEFT","NORTHERN",-122.431046366089,37.7830295716044
"296519","NON-CRIMINAL","MISSION",-122.434438917967,37.7556950983652
"658854","FORGERY/COUNTERFEITING","INGLESIDE",-122.429801668764,37.7303819548591
"851980","FRAUD","MISSION",-122.43403618214,37.7632941952462
"67011","VEHICLE THEFT","PARK",-122.446139455834,37.7793587013031
"225500","LARCENY/THEFT","SOUTHERN",-122.412933062384,37.7739274524819
"325645","DRUG/NARCOTIC","TENDERLOIN",-122.409853729941,37.7833862379382
"160837","LARCENY/THEFT","NORTHERN",-122.426832741986,37.7792584744352
"574172","BURGLARY","NORTHERN",-122.42142499654,37.8022302146813
"62216","LARCENY/THEFT","SOUTHERN",-122.403404791479,37.775420706711
"139956","ROBBERY","INGLESIDE",-122.417107986993,37.7122561827524
"107895","WARRANTS","BAYVIEW",-122.397732408162,37.7548270405347
"286825","FRAUD","SOUTHERN",-122.403404791479,37.775420706711
"497340","RECOVERED VEHICLE","MISSION",-122.425933851505,37.7478165707419
"368837","ASSAULT","SOUTHERN",-122.414217817669,37.774239170665
"426470","LARCENY/THEFT","SOUTHERN",-122.407633520742,37.7841893501425
"188567","ASSAULT","NORTHERN",-122.440148637784,37.7992028073615
"166860","ASSAULT","CENTRAL",-122.41557882881,37.8044706948304
"25142","NON-CRIMINAL","SOUTHERN",-122.399396749686,37.7909646254938
"380506","DRIVING UNDER THE INFLUENCE","CENTRAL",-122.408622974321,37.7976265594608
"85942","FORGERY/COUNTERFEITING","BAYVIEW",-122.405648592836,37.7427609749592
"627833","WARRANTS","TENDERLOIN",-122.411778295992,37.7839805592634
"385608","WARRANTS","MISSION",-122.426955631709,37.769247063207
"692422","VEHICLE THEFT","TARAVAL",-122.471423030897,37.7149806037297
"724202","DRUG/NARCOTIC","MISSION",-122.420908468984,37.7657766621198
"185328","FORGERY/COUNTERFEITING","RICHMOND",-122.44460446581,37.7875949238669
"76626","LARCENY/THEFT","SOUTHERN",-122.403390364796,37.7802655777189
"229489","DRUG/NARCOTIC","TENDERLOIN",-122.413631253258,37.7848053746211
"80734","ASSAULT","RICHMOND",-122.50774902863,37.772411893408
"656655","BURGLARY","NORTHERN",-122.444487543842,37.7992785043811
"250782","LARCENY/THEFT","CENTRAL",-122.416199204502,37.7891587712961
"824516","NON-CRIMINAL","CENTRAL",-122.401055856592,37.7985811020612
"395070","NON-CRIMINAL","RICHMOND",-122.461062711176,37.7811580519204
"14705","VANDALISM","TARAVAL",-122.463620567059,37.7189283567907
"569182","WARRANTS","TENDERLOIN",-122.406212878217,37.7860371623519
"785079","WARRANTS","SOUTHERN",-122.407805288642,37.7837068386088
"111964","NON-CRIMINAL","RICHMOND",-122.468181258329,37.7828309192696
"804189","VEHICLE THEFT","INGLESIDE",-122.416824272044,37.7348885156561
"137391","WARRANTS","MISSION",-122.415348514404,37.7650058493722
"390503","OTHER OFFENSES","MISSION",-122.41089712203,37.7692141941712
"413861","NON-CRIMINAL","SOUTHERN",-122.365565425353,37.8096707013239
"335591","DRUG/NARCOTIC","SOUTHERN",-122.403404791479,37.775420706711
"70123","SUSPICIOUS OCC","SOUTHERN",-122.403404791479,37.775420706711
"497679","LARCENY/THEFT","CENTRAL",-122.404223195649,37.7916902259131
"715018","DRUNKENNESS","BAYVIEW",-122.403408669191,37.72700531963
"876925","LARCENY/THEFT","CENTRAL",-122.408384275542,37.7878271137225
"787863","OTHER OFFENSES","TENDERLOIN",-122.414269361877,37.7842081124308
"853053","VANDALISM","MISSION",-122.417653316856,37.7675941669426
"157393","OTHER OFFENSES","NORTHERN",-122.418229899721,37.7784895366813
"357950","LOITERING","TENDERLOIN",-122.414645409901,37.7860688364633
"531541","VANDALISM","TENDERLOIN",-122.414850480524,37.7856087588303
"143503","LARCENY/THEFT","CENTRAL",-122.407729769991,37.7931773025837
"658799","LARCENY/THEFT","NORTHERN",-122.432743822617,37.7838424505847
"820827","NON-CRIMINAL","BAYVIEW",-122.378392257534,37.7323312464378
"309094","ROBBERY","MISSION",-122.417660640341,37.7555043420028
"257831","BURGLARY","INGLESIDE",-122.420016996971,37.7290417249006
"344546","ROBBERY","SOUTHERN",-122.403404791479,37.775420706711
"418607","LIQUOR LAWS","MISSION",-122.410519781929,37.752766726673
"566729","RECOVERED VEHICLE","MISSION",-122.411121491341,37.7542865460446
"154695","ROBBERY","INGLESIDE",-122.420556751442,37.7108945814914
"292111","PROSTITUTION","NORTHERN",-122.420307355721,37.7886989511647
"292453","ASSAULT","TENDERLOIN",-122.409313111431,37.7843478513151
"219550","VANDALISM","PARK",-122.458680189782,37.7481554692332
"771943","SUSPICIOUS OCC","TARAVAL",-122.479269168541,37.762515760418
"394844","TRESPASS","MISSION",-122.415932937248,37.7612223329621
"877298","LARCENY/THEFT","NORTHERN",-122.431206932052,37.7845681170112
"369325","MISSING PERSON","NORTHERN",-122.428666208752,37.7757342027431
"763285","NON-CRIMINAL","PARK",-122.443597047511,37.7826435280939
"608507","WARRANTS","NORTHERN",-122.420211964949,37.7882225424263
"618775","OTHER OFFENSES","RICHMOND",-122.506290478807,37.7733763363591
"647752","TRESPASS","MISSION",-122.406539115148,37.7564864109309
"595543","VANDALISM","RICHMOND",-122.463902072852,37.7830189318905
"652495","BURGLARY","NORTHERN",-122.426845490414,37.7881042900528
"159754","LARCENY/THEFT","TARAVAL",-122.475647460786,37.7285280627465
"421171","ASSAULT","NORTHERN",-122.436863337604,37.7996199689993
"546618","LARCENY/THEFT","SOUTHERN",-122.414120205075,37.7741612954143
"441494","RUNAWAY","BAYVIEW",-122.378920771859,37.7286119710993
"47574","OTHER OFFENSES","INGLESIDE",-122.444500563066,37.7210957959913
"647151","RECOVERED VEHICLE","INGLESIDE",-122.441486253182,37.7276713347056
"55066","NON-CRIMINAL","NORTHERN",-122.423718618565,37.7981158175113
"779337","DRUG/NARCOTIC","TENDERLOIN",-122.412249767634,37.782556330202
"482508","VANDALISM","MISSION",-122.411108851674,37.7534661916444
"747149","ASSAULT","TENDERLOIN",-122.411987643595,37.7850226622786
"28736","ASSAULT","TARAVAL",-122.477309120603,37.7654460715825
"77509","VANDALISM","MISSION",-122.42850845331,37.7628896284932
"96799","MISSING PERSON","MISSION",-122.424257504658,37.7599852182816
"868428","VEHICLE THEFT","BAYVIEW",-122.402671594737,37.7564229800263
"353649","OTHER OFFENSES","SOUTHERN",-122.407387172098,37.7810688918781
"48685","LARCENY/THEFT","TENDERLOIN",-122.410509258795,37.7860432222992
"41134","BURGLARY","BAYVIEW",-122.39705592967,37.7586844897791
"325900","WARRANTS","CENTRAL",-122.403864541976,37.7982226437427
"275482","OTHER OFFENSES","RICHMOND",-122.468705276697,37.7827502637918
"536800","LARCENY/THEFT","MISSION",-122.420948039719,37.7699792794388
"209129","ASSAULT","SOUTHERN",-122.403404791479,37.775420706711
"173667","ROBBERY","INGLESIDE",-122.439856212838,37.742681719006
"131973","LARCENY/THEFT","SOUTHERN",-122.409795194505,37.7800356268394
"486710","ASSAULT","TARAVAL",-122.453165502054,37.7209645253748
"815966","NON-CRIMINAL","PARK",-122.452121969253,37.7655796709772
"701073","OTHER OFFENSES","MISSION",-122.430604287057,37.76075222187
"839505","NON-CRIMINAL","INGLESIDE",-122.432513268341,37.7377582824808
"565162","OTHER OFFENSES","MISSION",-122.417028392106,37.7603656931573
"622767","VANDALISM","NORTHERN",-122.422090267887,37.7808219708329
"361178","OTHER OFFENSES","MISSION",-122.419623543912,37.7602652229581
"194148","VEHICLE THEFT","BAYVIEW",-122.399869327872,37.7302928366764
"130240","NON-CRIMINAL","NORTHERN",-122.44709993644,37.8042164176186
"20645","LARCENY/THEFT","SOUTHERN",-122.403404791479,37.775420706711
"25438","LARCENY/THEFT","SOUTHERN",-122.409138382713,37.7708194100449
"358301","OTHER OFFENSES","INGLESIDE",-122.452289660492,37.7256933575703
"170966","DRUG/NARCOTIC","TENDERLOIN",-122.413047972078,37.7819119628298
"563963","ASSAULT","BAYVIEW",-122.380715788947,37.7296096317188
"259498","NON-CRIMINAL","SOUTHERN",-122.403404791479,37.775420706711
"875864","DRUG/NARCOTIC","CENTRAL",-122.404449525653,37.7931198049533
"720944","ASSAULT","MISSION",-122.414240098268,37.7548880080082
"508361","ASSAULT","MISSION",-122.406539115148,37.7564864109309
"454568","DRUG/NARCOTIC","TENDERLOIN",-122.415533007999,37.7821372997842
"866176","LARCENY/THEFT","INGLESIDE",-122.418433238855,37.7356343185594
"687533","LARCENY/THEFT","TARAVAL",-122.477976682169,37.7269346350353
"389643","NON-CRIMINAL","MISSION",-122.423962124277,37.7631671994684
"153111","LARCENY/THEFT","SOUTHERN",-122.400547898587,37.7745406809463
"341911","LARCENY/THEFT","NORTHERN",-122.432387723436,37.7900426050846
"200796","ASSAULT","MISSION",-122.416472035359,37.7603453746291
"854124","BURGLARY","INGLESIDE",-122.426563297214,37.7433025922865
"231689","WARRANTS","SOUTHERN",-122.406520987144,37.7850629421661
"825314","ROBBERY","INGLESIDE",-122.410106428722,37.7472418497075
"833059","WARRANTS","BAYVIEW",-122.395081830837,37.7524520499536
"312048","LARCENY/THEFT","CENTRAL",-122.414996719991,37.7874530734464
"235015","VANDALISM","RICHMOND",-122.480310116572,37.7793048293428
"582298","OTHER OFFENSES","NORTHERN",-122.423340546898,37.7962454397193
"17563","MISSING PERSON","SOUTHERN",-122.407999186749,37.7778241673064
"506936","LARCENY/THEFT","MISSION",-122.426955631709,37.769247063207
"819576","LARCENY/THEFT","INGLESIDE",-122.440593031551,37.7163046735122
"440283","NON-CRIMINAL","PARK",-122.433820379089,37.749292458799
"784225","FRAUD","MISSION",-122.419212198636,37.7610244167023
"255788","VEHICLE THEFT","NORTHERN",-122.418382008607,37.7832583770949
"9798","OTHER OFFENSES","MISSION",-122.418596727459,37.7538382048501
"811525","LARCENY/THEFT","NORTHERN",-122.419085788323,37.7784353333225
"783967","VEHICLE THEFT","MISSION",-122.432795347198,37.7610201697134
"462747","VANDALISM","TARAVAL",-122.508331560272,37.7640727562871
"506179","OTHER OFFENSES","NORTHERN",-122.422404422276,37.7898764817406
"332462","OTHER OFFENSES","PARK",-122.440168037474,37.7621873493017
"481121","BURGLARY","CENTRAL",-122.410845624227,37.7923158747647
"114389","ASSAULT","BAYVIEW",-122.398580716544,37.7542876781547
"490274","ARSON","SOUTHERN",-122.390234287293,37.7894032659904
"549496","FRAUD","INGLESIDE",-122.434572948036,37.7234968650126
"192116","SUSPICIOUS OCC","INGLESIDE",-122.431586379454,37.7189156691044
"619262","BURGLARY","BAYVIEW",-122.40919384115,37.7201834076202
"222912","NON-CRIMINAL","BAYVIEW",-122.39847312276,37.7531483460231
"356412","OTHER OFFENSES","BAYVIEW",-122.404099929802,37.7288373396427
"590572","NON-CRIMINAL","CENTRAL",-122.411281399822,37.7898978570344
"451657","DRUG/NARCOTIC","MISSION",-122.406758995794,37.7487672272746
"196370","SUSPICIOUS OCC","CENTRAL",-122.418930302924,37.8073502516323
"817599","SEX OFFENSES FORCIBLE","MISSION",-122.439653538683,37.7590574548561
"188677","LARCENY/THEFT","INGLESIDE",-122.402459634951,37.7121817273679
"425501","BURGLARY","BAYVIEW",-122.391011706672,37.7359953041609
"197542","VEHICLE THEFT","MISSION",-122.408312572709,37.7624827554494
"607690","WARRANTS","SOUTHERN",-122.414317857881,37.7799444052046
"225009","DRUG/NARCOTIC","CENTRAL",-122.41827417166,37.7870372043685
"461036","LARCENY/THEFT","NORTHERN",-122.421395819115,37.7856843389472
"56625","LARCENY/THEFT","RICHMOND",-122.47736353874,37.7660604768452
"423066","WARRANTS","TENDERLOIN",-122.413869632554,37.7818621883021
"577340","TRESPASS","NORTHERN",-122.42815115473,37.7815325510309
"100019","LARCENY/THEFT","SOUTHERN",-122.394548293028,37.7766651941599
"192952","MISSING PERSON","BAYVIEW",-122.402116556292,37.7332354676556
"455287","FORGERY/COUNTERFEITING","CENTRAL",-122.404271795034,37.7878080003666
"36359","LARCENY/THEFT","TENDERLOIN",-122.40801449292,37.7859507767613
"478205","OTHER OFFENSES","SOUTHERN",-122.407545855931,37.784401179486
"747723","DISORDERLY CONDUCT","MISSION",-122.415000536794,37.7620990020727
"621066","NON-CRIMINAL","TARAVAL",-122.478067213175,37.7606979828387
"404030","PROSTITUTION","NORTHERN",-122.42049728879,37.789618819255
"112521","VEHICLE THEFT","SOUTHERN",-122.394484874311,37.7872982355244
"208894","SUSPICIOUS OCC","MISSION",-122.406539115148,37.7564864109309
"546812","OTHER OFFENSES","TENDERLOIN",-122.407854234538,37.7854922044602
"54210","LARCENY/THEFT","SOUTHERN",-122.395630116231,37.7937899670889
"618581","LARCENY/THEFT","RICHMOND",-122.45731978553,37.7795892603426
"654570","LARCENY/THEFT","INGLESIDE",-122.435551369569,37.7347966189482
"457991","VEHICLE THEFT","SOUTHERN",-122.416991089644,37.777074192256
"824524","PROSTITUTION","NORTHERN",-122.420307355728,37.7886989511418
"43482","LARCENY/THEFT","NORTHERN",-122.421011927709,37.7838226942199
"398542","LARCENY/THEFT","CENTRAL",-122.406021838484,37.7886491245294
"412291","VANDALISM","CENTRAL",-122.410820106223,37.7960085369465
"731057","LARCENY/THEFT","MISSION",-122.425494570183,37.7646442347449
"854121","OTHER OFFENSES","SOUTHERN",-122.406277073987,37.7707000250114
"763016","NON-CRIMINAL","SOUTHERN",-122.407387172098,37.7810688918781
"539799","DRUG/NARCOTIC","TENDERLOIN",-122.413609328985,37.784696907904
"560885","TRESPASS","BAYVIEW",-122.387939452192,37.7422600519555
"827867","OTHER OFFENSES","INGLESIDE",-122.416139628673,37.7086777563714
"214684","OTHER OFFENSES","BAYVIEW",-122.383599364346,37.7280102316098
"643638","OTHER OFFENSES","NORTHERN",-122.430436523474,37.7721069661669
"691685","ROBBERY","NORTHERN",-122.417885441042,37.7854378471968
"734189","LARCENY/THEFT","BAYVIEW",-122.386528277818,37.7173949536041
"533686","SUSPICIOUS OCC","SOUTHERN",-122.403404791479,37.775420706711
"90607","LARCENY/THEFT","SOUTHERN",-122.410541166987,37.7709130566165
"773209","WARRANTS","RICHMOND",-122.457016163474,37.7812163786666
"184858","ASSAULT","TENDERLOIN",-122.408519707346,37.7864044708209
"188560","RECOVERED VEHICLE","TARAVAL",-122.493873369337,37.7581286205504
"382650","OTHER OFFENSES","MISSION",-122.418701003284,37.7651098786222
"441000","OTHER OFFENSES","INGLESIDE",-122.430826301881,37.7124349004423
"294029","STOLEN PROPERTY","INGLESIDE",-122.419564175858,37.7267747005062
"148705","NON-CRIMINAL","SOUTHERN",-122.390234287293,37.7894032659904
"804560","DRUNKENNESS","BAYVIEW",-122.387833652325,37.7131072321423
"753437","ASSAULT","BAYVIEW",-122.392625489272,37.7292804432495
"660208","LARCENY/THEFT","TENDERLOIN",-122.40642786236,37.78710945429
"417090","OTHER OFFENSES","TARAVAL",-122.497250084063,37.7430180938104
"119587","DRUG/NARCOTIC","CENTRAL",-122.408231026261,37.787359494956
"691460","LARCENY/THEFT","MISSION",-122.435187699322,37.7626702770923
"789302","LARCENY/THEFT","SOUTHERN",-122.398488873746,37.7891181923442
"759479","VEHICLE THEFT","MISSION",-122.440743638367,37.752897797943
"10866","NON-CRIMINAL","PARK",-122.450555872513,37.7753351819421
"317027","VEHICLE THEFT","TENDERLOIN",-122.413820070176,37.7857382950322
"866535","OTHER OFFENSES","INGLESIDE",-122.45181851562,37.7091542140065
"188648","LARCENY/THEFT","SOUTHERN",-122.403284843106,37.787306416019
"94806","LARCENY/THEFT","NORTHERN",-122.429754890812,37.7894813497173
"300406","ASSAULT","SOUTHERN",-122.417523396516,37.7738670346175
"35330","LARCENY/THEFT","CENTRAL",-122.404013943546,37.7897518225049
"172280","NON-CRIMINAL","SOUTHERN",-122.408162953857,37.7805345385278
"560860","DRUG/NARCOTIC","SOUTHERN",-122.408595110869,37.7837069301545
"441293","ASSAULT","SOUTHERN",-122.41029351969,37.7822305870036
"112048","NON-CRIMINAL","RICHMOND",-122.464279879446,37.7800332991006
"38484","OTHER OFFENSES","RICHMOND",-122.46802079893,37.7742241139372
"731600","MISSING PERSON","MISSION",-122.412354033821,37.7582176613659
"733785","ROBBERY","NORTHERN",-122.42562823943,37.7983417290933
"433211","NON-CRIMINAL","CENTRAL",-122.408205606839,37.8006189151963
"475451","OTHER OFFENSES","INGLESIDE",-122.419888691537,37.7455956089322
"528793","DRUG/NARCOTIC","TENDERLOIN",-122.409849441655,37.7832755202567
"769450","LARCENY/THEFT","MISSION",-122.418748733531,37.7554371875143
"638086","LARCENY/THEFT","NORTHERN",-122.428348222654,37.7951053718252
"210803","LARCENY/THEFT","BAYVIEW",-122.389991787451,37.7546183308558
"359848","ASSAULT","CENTRAL",-122.406831986427,37.7969028838908
"459421","OTHER OFFENSES","SOUTHERN",-122.406520987144,37.7850629421661
"753471","LARCENY/THEFT","SOUTHERN",-122.406520987144,37.7850629421661
"180831","ASSAULT","CENTRAL",-122.416949126396,37.7995236495692
"204556","ASSAULT","BAYVIEW",-122.397486915671,37.752197092814
"186637","PROSTITUTION","NORTHERN",-122.418467747931,37.7879652569797
"149736","NON-CRIMINAL","BAYVIEW",-122.382705072801,37.7358858148594
"756859","WEAPON LAWS","MISSION",-122.419560437891,37.7521716091766
"204749","MISSING PERSON","PARK",-122.441393701114,37.7717273141771
"494676","ROBBERY","BAYVIEW",-122.395513264888,37.7536178531447
"9666","LARCENY/THEFT","INGLESIDE",-122.437973772861,37.7300142935274
"81257","LARCENY/THEFT","MISSION",-122.441911807839,37.7595837568816
"81041","VANDALISM","CENTRAL",-122.410845624227,37.7923158747647
"93972","WARRANTS","MISSION",-122.420933634888,37.7557024462397
"773419","FORGERY/COUNTERFEITING","PARK",-122.435401659232,37.7719664391429
"582782","LARCENY/THEFT","TENDERLOIN",-122.40642786236,37.78710945429
"595238","OTHER OFFENSES","INGLESIDE",-122.452428220398,37.7257172546557
"288814","OTHER OFFENSES","SOUTHERN",-122.403404791479,37.775420706711
"316202","LARCENY/THEFT","CENTRAL",-122.41742026115,37.79146578806
"815563","LARCENY/THEFT","PARK",-122.43908839897,37.7729208953432
"546367","OTHER OFFENSES","PARK",-122.448578484966,37.7697977168831
"862376","TRESPASS","SOUTHERN",-122.407257559322,37.769769551921
"434447","SEX OFFENSES FORCIBLE","TARAVAL",-122.497242493708,37.7513958957007
"361731","BURGLARY","MISSION",-122.427720856367,37.7650823974772
"208386","MISSING PERSON","INGLESIDE",-122.44143900774,37.728181761842
"375143","OTHER OFFENSES","TENDERLOIN",-122.412993783039,37.7855629695287
"803553","NON-CRIMINAL","INGLESIDE",-122.426636034456,37.7363217048233
"113204","MISSING PERSON","MISSION",-122.406604919508,37.7571580431915
"868637","ROBBERY","NORTHERN",-122.422695629372,37.7921733284299
"191856","VEHICLE THEFT","RICHMOND",-122.468562845833,37.7798381239123
"665459","NON-CRIMINAL","SOUTHERN",-122.403404791479,37.775420706711
"302720","MISSING PERSON","MISSION",-122.406725329529,37.7585641691709
"852166","WARRANTS","MISSION",-122.407305615132,37.7631879400232
"419038","LARCENY/THEFT","RICHMOND",-122.443145467402,37.7887276748523
"272893","OTHER OFFENSES","SOUTHERN",-122.410541166987,37.7709130566165
"826890","VEHICLE THEFT","RICHMOND",-122.480174664198,37.7764956640524
"779427","RUNAWAY","PARK",-122.441393701114,37.7717273141771
"369509","OTHER OFFENSES","MISSION",-122.419671780296,37.7650501214668
"2403","NON-CRIMINAL","RICHMOND",-122.452796018759,37.7875001881845
"826381","OTHER OFFENSES","SOUTHERN",-122.403404791479,37.775420706711
"780519","NON-CRIMINAL","MISSION",-122.407538332327,37.7657827544322
"441261","OTHER OFFENSES","TENDERLOIN",-122.409853729941,37.7833862379382
"176761","NON-CRIMINAL","TARAVAL",-122.507539783548,37.7602981479122
"212458","OTHER OFFENSES","SOUTHERN",-122.411339562557,37.7812707434494
"405403","OTHER OFFENSES","SOUTHERN",-122.414317857881,37.7799444052046
"675655","VEHICLE THEFT","BAYVIEW",-122.391904260902,37.7551569778325
"533175","DRUG/NARCOTIC","SOUTHERN",-122.411339562557,37.7812707434494
"505306","ROBBERY","MISSION",-122.420070483636,37.7649720006151
"251937","MISSING PERSON","BAYVIEW",-122.378268018481,37.7323807302226
"782567","LARCENY/THEFT","CENTRAL",-122.415212031352,37.788871449843
"170196","LARCENY/THEFT","SOUTHERN",-122.413287527194,37.7711962032376
"198544","NON-CRIMINAL","INGLESIDE",-122.44337815957,37.738687302848
"779790","OTHER OFFENSES","INGLESIDE",-122.410106428722,37.7472418497075
"70778","VEHICLE THEFT","TENDERLOIN",-122.410323495232,37.7851225223607
"458042","SUSPICIOUS OCC","NORTHERN",-122.422963001902,37.789251361779
"619961","ASSAULT","MISSION",-122.424061577036,37.7655856465344
"391270","RUNAWAY","TARAVAL",-122.461163238283,37.7191248815986
"589096","DRUG/NARCOTIC","TENDERLOIN",-122.407244087032,37.7865647607685
"341103","NON-CRIMINAL","RICHMOND",-122.441279917794,37.7879051031628
"634864","LARCENY/THEFT","CENTRAL",-122.402218963687,37.7957128203502
"572035","ROBBERY","TENDERLOIN",-122.407877787733,37.7859680076775
"37974","MISSING PERSON","NORTHERN",-122.430118762295,37.791286303662
"829128","LARCENY/THEFT","SOUTHERN",-122.407633520742,37.7841893501425
"272794","LARCENY/THEFT","SOUTHERN",-122.413361136168,37.77636280535
"326727","SUSPICIOUS OCC","BAYVIEW",-122.390220650634,37.7527461246421
"618281","MISSING PERSON","CENTRAL",-122.417650682357,37.7880158477339
"451988","NON-CRIMINAL","SOUTHERN",-122.416818891994,37.7769362014881
"126637","WARRANTS","SOUTHERN",-122.408953598279,37.783287873572
"116697","LARCENY/THEFT","SOUTHERN",-122.403793259489,37.7823235897616
"161845","TRESPASS","NORTHERN",-122.431979576386,37.7800478529923
"298999","OTHER OFFENSES","CENTRAL",-122.415618823722,37.8072756032801
"29419","ASSAULT","TARAVAL",-122.468877005913,37.7187936431951
"395691","WARRANTS","TENDERLOIN",-122.412784096502,37.7848656939526
"99082","NON-CRIMINAL","TENDERLOIN",-122.415721688006,37.7830679886919
"332860","WARRANTS","NORTHERN",-122.416293820935,37.777493677735
"293680","VEHICLE THEFT","INGLESIDE",-122.437493149855,37.7154907113805
"35381","LARCENY/THEFT","TARAVAL",-122.468582057766,37.7658283860792
"322518","WARRANTS","TENDERLOIN",-122.414317857881,37.7799444052046
"40197","ASSAULT","BAYVIEW",-122.380818341183,37.7281870279805
"527969","FORGERY/COUNTERFEITING","SOUTHERN",-122.393023604356,37.7909940356997
"662960","DRUG/NARCOTIC","MISSION",-122.41965834371,37.7642205603745
"275499","LARCENY/THEFT","RICHMOND",-122.437386771865,37.7855073231695
"183866","VANDALISM","SOUTHERN",-122.399802145799,37.7880065324392
"763136","LARCENY/THEFT","BAYVIEW",-122.380382266471,37.7353538209895
"668936","NON-CRIMINAL","RICHMOND",-122.447622796761,37.7850837046062
"351875","LARCENY/THEFT","MISSION",-122.426955631709,37.769247063207
"159437","BURGLARY","NORTHERN",-122.431046366089,37.7830295716044
"587620","FORGERY/COUNTERFEITING","SOUTHERN",-122.401738283506,37.7885335775983
"432943","OTHER OFFENSES","PARK",-122.450709919144,37.7695262270693
"477319","MISSING PERSON","BAYVIEW",-122.400359378447,37.7579182258081
"320135","WARRANTS","MISSION",-122.419876917134,37.7695797471896
"297425","DISORDERLY CONDUCT","TENDERLOIN",-122.413047972078,37.7819119628298
"505596","OTHER OFFENSES","MISSION",-122.42027922768,37.7481246616016
"20452","ROBBERY","SOUTHERN",-122.390462451214,37.790393971625
"433357","LARCENY/THEFT","NORTHERN",-122.429293734683,37.7997871229932
"627525","ASSAULT","NORTHERN",-122.418090766692,37.7861007451645
"531520","OTHER OFFENSES","TENDERLOIN",-122.413259498719,37.7829514828801
"625901","WARRANTS","INGLESIDE",-122.4208910342,37.7120920675614
"421141","OTHER OFFENSES","SOUTHERN",-122.413361136168,37.77636280535
"443878","SUSPICIOUS OCC","CENTRAL",-122.41557882881,37.8044706948304
"535093","WARRANTS","BAYVIEW",-122.38829455719,37.73060802717
"162396","WARRANTS","SOUTHERN",-122.408079202236,37.7745234876448
"659805","ASSAULT","MISSION",-122.410817751206,37.7558599031957
"109776","BURGLARY","SOUTHERN",-122.403404791479,37.775420706711
"46046","WEAPON LAWS","TENDERLOIN",-122.413609328985,37.784696907904
"56599","DRUG/NARCOTIC","SOUTHERN",-122.411071423064,37.7817511307229
"783976","SEX OFFENSES NON FORCIBLE","TARAVAL",-122.47994003717,37.7587430391155
"694575","BURGLARY","NORTHERN",-122.433440229295,37.7890127108804
"716436","OTHER OFFENSES","TENDERLOIN",-122.415120589338,37.7817589366405
"570635","OTHER OFFENSES","BAYVIEW",-122.402210107735,37.7281042223657
"102613","VEHICLE THEFT","TARAVAL",-122.483035058721,37.7558234142471
"555478","ROBBERY","BAYVIEW",-122.393463718795,37.7504879461151
"69737","WARRANTS","BAYVIEW",-122.374019331833,37.729203356539
"695727","VEHICLE THEFT","MISSION",-122.438111575285,37.7590924248035
"2430","ASSAULT","MISSION",-122.41469551481,37.7596861764245
"618113","LARCENY/THEFT","SOUTHERN",-122.405359371753,37.7859774761625
"116489","OTHER OFFENSES","BAYVIEW",-122.393174162423,37.722036232083
"1383","NON-CRIMINAL","CENTRAL",-122.418537074676,37.8061515935611
"694203","VEHICLE THEFT","PARK",-122.449142861748,37.7725792727292
"422923","DRUG/NARCOTIC","TENDERLOIN",-122.416261836834,37.7853750846376
"369515","STOLEN PROPERTY","INGLESIDE",-122.405248218324,37.7117227123477
"686534","MISSING PERSON","PARK",-122.439480772215,37.7833088100623
"507442","VEHICLE THEFT","NORTHERN",-122.443630713171,37.8041890899487
"619658","NON-CRIMINAL","MISSION",-122.418448186101,37.7522391652625
"197652","LARCENY/THEFT","TENDERLOIN",-122.407244087032,37.7865647607685
"120580","LARCENY/THEFT","CENTRAL",-122.403552860945,37.7886749669059
"5985","LARCENY/THEFT","NORTHERN",-122.432355641362,37.7819065476741
"481543","FRAUD","CENTRAL",-122.412527239682,37.8086250595467
"218352","NON-CRIMINAL","NORTHERN",-122.435870220186,37.7989514142851
"389217","OTHER OFFENSES","RICHMOND",-122.489815051363,37.7760558952825
"102915","NON-CRIMINAL","PARK",-122.460563083834,37.766087330351
"293738","NON-CRIMINAL","MISSION",-122.420070483636,37.7649720006151
"780299","BURGLARY","CENTRAL",-122.410051383552,37.8043917619618
"425469","DRUG/NARCOTIC","SOUTHERN",-122.408913229808,37.7812116507663
"606639","ASSAULT","BAYVIEW",-122.401968361773,37.7356138034783
"132501","VEHICLE THEFT","NORTHERN",-122.447684418922,37.8007621294022
"740220","VEHICLE THEFT","CENTRAL",-122.409492478238,37.806130608894
"500282","LARCENY/THEFT","NORTHERN",-122.444630629429,37.8044755207218
"17847","LARCENY/THEFT","NORTHERN",-122.420841308488,37.7750052453064
